{
  "candle_body_pct_std": 32.3121635780928,
  "upper_shadow_pct_mean": 30.270313887776776,
  "mfi_mean": 29.101149640025525,
  "adx_std": 24.41706646667924,
  "ma_50_100_cross_pct_std": 21.126687969304935,
  "is_doji_mean": 20.716447194564285,
  "lower_shadow_pct_std": 20.579124001101082,
  "adx_slope_std": 20.37937710335719,
  "upper_shadow_pct_last": 17.061941102780896,
  "ma_200_slope_std": 15.814251582552881,
  "vol_ma_ratio_std": 15.359132215551623,
  "ma_50_slope_last": 14.37356747329384,
  "upper_shadow_pct_std": 14.325157030147714,
  "high_low_range_pct_last": 14.147523284226285,
  "cci_std": 13.785737631795874,
  "ma_50_slope_std": 13.537626894921651,
  "dist_from_low_20_std": 13.186486607226149,
  "ma_100_slope_std": 12.838547435351355,
  "atr_pct_std": 12.513061972570497,
  "mfi_std": 12.290802426743062
}