{
  "candle_body_pct_last": 29.757206958321532,
  "price_change_5_last": 28.85038522528829,
  "ultimate_osc_std": 22.5735671994499,
  "ma_100_dist_pct_last": 22.558933990403645,
  "vol_ma_ratio_std": 21.566354767944787,
  "vol_change_std": 21.213976096850004,
  "rsi_slope_std": 20.020933447142525,
  "adx_std": 18.772614890192934,
  "lower_shadow_pct_mean": 17.391907608036963,
  "ma_50_dist_pct_std": 17.153326638043435,
  "candle_body_pct_mean": 17.02338548612697,
  "vwap_dist_pct_std": 16.76288124806304,
  "ma_200_slope_std": 16.559090886407294,
  "atr_pct_std": 16.095207391738644,
  "adx_slope_last": 15.782190599201911,
  "vol_change_mean": 14.940907201887548,
  "lower_shadow_pct_std": 14.797226057795905,
  "dist_from_low_20_std": 14.75431170841417,
  "trix_mean": 14.517256115542018,
  "price_change_3_last": 14.125424314288836
}