{
  "price_change_3_last": 27.26335769674474,
  "ma_100_dist_pct_last": 21.688978568348677,
  "ma_400_dist_pct_last": 20.75915630525556,
  "bb_width_std": 20.437787852916653,
  "ma_25_50_cross_pct_std": 16.85345586766147,
  "rsi_slope_mean": 14.813447424844187,
  "ma_100_200_cross_pct_mean": 14.282228541265617,
  "adx_slope_mean": 12.66918679934949,
  "vol_ma_ratio_mean": 12.442843423749453,
  "ma_50_slope_mean": 12.256158748728582,
  "vol_ma_ratio_std": 11.013453965014406,
  "candle_body_pct_mean": 10.347090769094828,
  "lower_shadow_pct_std": 10.143095450331636,
  "dist_from_high_20_last": 9.600743121983264,
  "cci_last": 9.277336000908576,
  "ultimate_osc_mean": 9.201173442623894,
  "price_change_3_mean": 9.098832049106948,
  "ma_400_slope_std": 9.015290876804755,
  "above_ma_25_std": 8.557322572595798,
  "ma_100_slope_std": 7.871069620722392,
  "macd_slope_last": 7.454771504454982,
  "ultimate_osc_last": 6.857662413381499,
  "ma_25_slope_mean": 6.546641959254125,
  "ma_50_100_cross_pct_std": 6.504739115251291,
  "rsi_last": 6.35038706665938,
  "mfi_mean": 6.2632236926178555,
  "ma_400_slope_last": 6.182347900931536,
  "ma_100_200_cross_pct_std": 5.859405024940034,
  "vol_change_last": 5.593373437302229,
  "volatility_20_std": 5.436605658826861
}